-- phpMyAdmin SQL Dump
-- version 5.2.1
-- https://www.phpmyadmin.net/
--
-- Host: 127.0.0.1
-- Generation Time: Nov 04, 2024 at 02:17 PM
-- Server version: 10.4.32-MariaDB
-- PHP Version: 8.2.12

SET SQL_MODE = "NO_AUTO_VALUE_ON_ZERO";
START TRANSACTION;
SET time_zone = "+00:00";


/*!40101 SET @OLD_CHARACTER_SET_CLIENT=@@CHARACTER_SET_CLIENT */;
/*!40101 SET @OLD_CHARACTER_SET_RESULTS=@@CHARACTER_SET_RESULTS */;
/*!40101 SET @OLD_COLLATION_CONNECTION=@@COLLATION_CONNECTION */;
/*!40101 SET NAMES utf8mb4 */;

--
-- Database: `voter_turnout_db`
--

-- --------------------------------------------------------

--
-- Table structure for table `polling_station_info`
--

CREATE TABLE `polling_station_info` (
  `uid` int(11) NOT NULL,
  `pc_no` varchar(10) DEFAULT NULL,
  `ac_no` varchar(10) DEFAULT NULL,
  `deo_uid` int(11) DEFAULT NULL,
  `ro_uid` int(11) DEFAULT NULL,
  `so_uid` int(11) DEFAULT NULL,
  `pro_uid` int(11) DEFAULT NULL,
  `ps_no` varchar(10) DEFAULT NULL,
  `ps_name` varchar(100) DEFAULT NULL,
  `total_voter` int(11) DEFAULT NULL
) ENGINE=InnoDB DEFAULT CHARSET=utf8mb4 COLLATE=utf8mb4_general_ci;

--
-- Dumping data for table `polling_station_info`
--

INSERT INTO `polling_station_info` (`uid`, `pc_no`, `ac_no`, `deo_uid`, `ro_uid`, `so_uid`, `pro_uid`, `ps_no`, `ps_name`, `total_voter`) VALUES
(103, '08', '067', 2, 3, 4, 32, '1', 'Mahatma Gandhi Government School, Bujaka', 689),
(104, '08', '067', 2, 3, 4, 33, '2', 'Government Senior Secondary School, Dhaneta', 978),
(105, '08', '067', 2, 3, 4, 34, '3', 'Government Senior Secondary School, Gadhi Dhaneta', 807),
(106, '08', '067', 2, 3, 4, 35, '4', 'Mahatma Gandhi Government School, Kota Kalan', 600),
(107, '08', '067', 2, 3, 5, 36, '5', 'Government Senior Secondary School, Neekach', 905),
(108, '08', '067', 2, 3, 5, 37, '6', 'Mahatma Gandhi Government School, Moharsingh ka bas', 897),
(109, '08', '067', 2, 3, 5, 38, '7', 'Government Primary School, Taj Kha Ka Bas Neekach', 1078),
(110, '08', '067', 2, 3, 5, 39, '8', 'Government Upper Primary School, Nakhnaul', 552),
(111, '08', '067', 2, 3, 5, 40, '9', 'Government Senior Secondary School, Khohada Karmali', 1441),
(112, '08', '067', 2, 3, 5, 41, '10', 'Mahatma Gandhi Government School, Ishan Ka Bas', 999),
(113, '08', '067', 2, 3, 6, 42, '11', 'Government Upper Primary School, Balrampur', 1020),
(114, '08', '067', 2, 3, 6, 43, '12', 'Government Upper Primary School, Kalsavada Bas', 676),
(115, '08', '067', 2, 3, 6, 44, '13', 'Mahatma Gandhi Government School, East Part, Raghunathgarh', 1441),
(116, '08', '067', 2, 3, 6, 45, '14', 'Mahatma Gandhi Government School, West Part, Raghunathgarh', 1395),
(117, '08', '067', 2, 3, 6, 46, '15', 'Government Senior Secondary School, East Part, Pata ', 750),
(118, '08', '067', 2, 3, 6, 47, '15A', 'Government Senior Secondary School, Room No. 9, Pata ', 727),
(119, '08', '067', 2, 3, 6, 48, '16', 'Government Senior Secondary School, West Part, Pata ', 1319),
(120, '08', '067', 2, 3, 6, 49, '17', 'Government Upper Primary School, Raswada', 1002),
(121, '08', '067', 2, 3, 6, 50, '18', 'Government Upper Primary School, Roopbas', 663),
(122, '08', '067', 2, 3, 6, 51, '19', 'Government Primary School, Raisikhbas mubarikpur', 1188),
(123, '08', '067', 2, 3, 6, 52, '20', 'Mahatma Gandhi Government School, South Part, Mubarikpur', 1215),
(124, '08', '067', 2, 3, 6, 53, '21', 'Mahatma Gandhi Government School, North Part, Mubarikpur', 1302),
(125, '08', '067', 2, 3, 6, 54, '22', 'Government Upper Primary School, Thokadar bas', 1154),
(126, '08', '067', 2, 3, 7, 55, '23', 'Government Upper Primary School, Akleempur', 1163),
(127, '08', '067', 2, 3, 7, 56, '24', 'Government Upper Primary School, Newada', 935),
(128, '08', '067', 2, 3, 7, 57, '25', 'Government Primary School, Shekhpur', 549),
(129, '08', '067', 2, 3, 8, 58, '26', 'Government Primary School, Mandapur', 501),
(130, '08', '067', 2, 3, 7, 59, '27', 'Government Upper Primary School, Room No. 1 West Part, Baramada', 935),
(131, '08', '067', 2, 3, 7, 60, '28', 'Government Upper Primary School, Room No. 5 North Part, Baramada', 780),
(132, '08', '067', 2, 3, 7, 61, '29', 'Government Primary School, Meghabas', 1031),
(133, '08', '067', 2, 3, 7, 62, '30', 'Government Senior Secondary School, Dabari', 927),
(134, '08', '067', 2, 3, 9, 63, '31', 'Government Upper Primary School, Khohar', 668),
(135, '08', '067', 2, 3, 9, 64, '32', 'Government Upper Primary School, Nangliwal', 810),
(136, '08', '067', 2, 3, 9, 65, '33', 'Government Senior Secondary School, Hajipur', 1291),
(137, '08', '067', 2, 3, 9, 66, '34', 'Mahatma Gandhi Government School, North Part, Naugaon', 1089),
(138, '08', '067', 2, 3, 9, 67, '35', 'Mahatma Gandhi Government School, South Part, Naugaon', 1117),
(139, '08', '067', 2, 3, 9, 68, '36', 'Government Varishth Upadhyay Sanskrit School, Room No. 5, Naugaon', 1130),
(140, '08', '067', 2, 3, 9, 69, '37', 'Government Girls Senior Secondary School, North Part, Naugaon', 1034),
(141, '08', '067', 2, 3, 9, 70, '38', 'Government Varishth Upadhyay Sanskrit School, Room No. 9, Naugaon', 990),
(142, '08', '067', 2, 3, 9, 71, '39', 'Government Girls Senior Secondary School, South Part, Naugaon', 1117),
(143, '08', '067', 2, 3, 9, 72, '40', 'Government Girls Senior Secondary School, North Part, (Primary Section), Naugaon', 1184),
(144, '08', '067', 2, 3, 9, 73, '41', 'Government Primary School, Mohammadpur', 994),
(145, '08', '067', 2, 3, 10, 74, '42', 'Government Upper Primary School, Sherpur', 1041),
(146, '08', '067', 2, 3, 10, 75, '43', 'Government Primary School, Alawalpur', 1325),
(147, '08', '067', 2, 3, 10, 76, '44', 'Government Senior Secondary School, Room No. 1, Moonpur Karmala', 991),
(148, '08', '067', 2, 3, 10, 77, '45', 'Government Senior Secondary School, Room No. 3, Moonpur Karmala', 656),
(149, '08', '067', 2, 3, 10, 78, '46', 'Government Senior Secondary School, East Part, Rasgan', 1274),
(150, '08', '067', 2, 3, 10, 79, '47', 'Government Senior Secondary School, West Part, Rasgan', 694),
(151, '08', '067', 2, 3, 10, 80, '48', 'Government Senior Secondary School, Khushpuri', 977),
(152, '08', '067', 2, 3, 10, 81, '49', 'Government Senior Secondary School, Sunheda', 744),
(153, '08', '067', 2, 3, 10, 82, '49A', 'Government Senior Secondary School, Room No. 3, Sunheda', 732),
(154, '08', '067', 2, 3, 10, 83, '50', 'Government Upper Primary School, Teekari', 1194),
(155, '08', '067', 2, 3, 10, 84, '51', 'Government Senior Secondary School, Chidwa', 1215),
(156, '08', '067', 2, 3, 10, 85, '52', 'Government Upper Primary School, Baharipur', 696),
(157, '08', '067', 2, 3, 10, 86, '53', 'Government Primary School, Alampur', 1170),
(158, '08', '067', 2, 3, 11, 87, '54', 'Government Senior Secondary School, North Part, Chauma', 1303),
(159, '08', '067', 2, 3, 11, 88, '55', 'Government Senior Secondary School, South Part, Chauma', 1336),
(160, '08', '067', 2, 3, 8, 89, '56', 'Mahatma Gandhi Government School, Manaki', 1083),
(161, '08', '067', 2, 3, 11, 90, '57', 'Government Upper Primary School, Gurjarpur Khurd', 1076),
(162, '08', '067', 2, 3, 8, 91, '58', 'Mahatma Gandhi Government School, Odela', 1010),
(163, '08', '067', 2, 3, 8, 92, '59', 'Mahatma Gandhi Government School, karoli jageer', 785),
(164, '08', '067', 2, 3, 8, 93, '60', 'Government Senior Secondary School, Beejwa', 1152),
(165, '08', '067', 2, 3, 7, 94, '61', 'Government Upper Primary School, South Part, Bandholi ', 718),
(166, '08', '067', 2, 3, 7, 95, '61A', 'Government Upper Primary School, North Part, Bandholi ', 757),
(167, '08', '067', 2, 3, 4, 96, '62', 'Government Senior Secondary School, Khoh', 751),
(168, '08', '067', 2, 3, 4, 97, '63', 'Government Upper Primary School, Warispur', 594),
(169, '08', '067', 2, 3, 4, 98, '64', 'Government Upper Primary School, Rasoolpur', 555),
(170, '08', '067', 2, 3, 12, 99, '65', 'Mahatma Gandhi Government School, Mukandbas', 837),
(171, '08', '067', 2, 3, 12, 100, '66', 'Government Upper Primary School, Todli', 594),
(172, '08', '067', 2, 3, 12, 101, '67', 'Mahatma Gandhi Government School, Kota Khurd', 1226),
(173, '08', '067', 2, 3, 12, 102, '68', 'Government Senior Secondary School, Room No. 2, Dohali', 1036),
(174, '08', '067', 2, 3, 12, 103, '69', 'Government Senior Secondary School, Room No. 4, Dohali', 747),
(175, '08', '067', 2, 3, 13, 104, '70', 'Government Upper Primary School, Naya berabas', 1381),
(176, '08', '067', 2, 3, 13, 105, '71', 'Government Upper Primary School, Kaririya', 832),
(177, '08', '067', 2, 3, 13, 106, '72', 'Government Upper Primary School, Nakachpur', 994),
(178, '08', '067', 2, 3, 13, 107, '73', 'Government Senior Secondary School, Untwal', 820),
(179, '08', '067', 2, 3, 13, 108, '73 A', 'Government Senior Secondary School, Room No. 3, Untwal', 638),
(180, '08', '067', 2, 3, 13, 109, '74', 'Mahatma Gandhi Government School, Badipokher', 1047),
(181, '08', '067', 2, 3, 13, 110, '75', 'Government Upper Primary School, Mandu ka Bas', 946),
(182, '08', '067', 2, 3, 13, 111, '76', 'Government Senior Secondary School, Dahar ka Bas', 861),
(183, '08', '067', 2, 3, 13, 112, '77', 'Government Senior Secondary School, Thengi ka Bas', 951),
(184, '08', '067', 2, 3, 13, 113, '78', 'Mahatma Gandhi Government School, Room No. 10,  Sahdoli', 1299),
(185, '08', '067', 2, 3, 13, 114, '79', 'Mahatma Gandhi Government School, Room No. 15,   Sahdoli', 601),
(186, '08', '067', 2, 3, 13, 115, '80', 'Government Primary School, Mandru ka bas', 651),
(187, '08', '067', 2, 3, 14, 116, '81', 'Mahatma Gandhi Government School,  Nangla Banjirka', 1333),
(188, '08', '067', 2, 3, 14, 117, '82', 'Government Varishth Upadhyay Sanskrit School, Sadan ka Bas', 1306),
(189, '08', '067', 2, 3, 14, 118, '83', 'Mahatma Gandhi Government School, Badaka', 906),
(190, '08', '067', 2, 3, 14, 119, '84', 'Government Upper Primary School, South Part, Nadka', 1022),
(191, '08', '067', 2, 3, 14, 120, '85', 'Government Senior Secondary School, East Part, Piproli ', 1120),
(192, '08', '067', 2, 3, 14, 121, '86', 'Government Senior Secondary School, West Part, Piproli ', 955),
(193, '08', '067', 2, 3, 14, 122, '87', 'Bharat Nirman Rajeev Gandhi Seva Kendra, Piproli ', 866),
(194, '08', '067', 2, 3, 14, 123, '88', 'Government Upper Primary School, Sarheta', 1167),
(195, '08', '067', 2, 3, 12, 124, '89', 'Government Upper Primary School, Bardod', 916),
(196, '08', '067', 2, 3, 14, 125, '90', 'Government Upper Primary School, Goha', 823),
(197, '08', '067', 2, 3, 15, 126, '91', 'Government Senior Secondary School, East Part, Ramgarh ', 1184),
(198, '08', '067', 2, 3, 15, 127, '92', 'Government Senior Secondary School, West Part, Ramgarh ', 1178),
(199, '08', '067', 2, 3, 15, 128, '93', 'Mahatma Gandhi Government School, Kila Ramgarh', 1170),
(200, '08', '067', 2, 3, 15, 129, '94', 'Government Senior Secondary School, Purana Bhawan Government Upper Primary School, Primary Section N', 1260),
(201, '08', '067', 2, 3, 15, 130, '95', 'Government Senior Secondary School, Purana Bhawan Government Upper Primary School, Primary Section S', 1118),
(202, '08', '067', 2, 3, 15, 131, '96', 'Mahatma Gandhi Government School, North Part, Ramgarh ', 1248),
(203, '08', '067', 2, 3, 15, 132, '97', 'Mahatma Gandhi Government School, West Part, Ramgarh ', 1424),
(204, '08', '067', 2, 3, 15, 133, '98', 'Mahatma Gandhi Government School, South Part, Ramgarh ', 1284),
(205, '08', '067', 2, 3, 15, 134, '99', 'Government Senior Secondary School, Room No. 8, Ramgarh ', 981),
(206, '08', '067', 2, 3, 12, 135, '100', 'Government Senior Secondary School, East Part, Khilora', 1352),
(207, '08', '067', 2, 3, 12, 136, '101', 'Government Senior Secondary School, South Part, Khilora', 1118),
(208, '08', '067', 2, 3, 8, 137, '102', 'Government Upper Primary School, Khojaka', 704),
(209, '08', '067', 2, 3, 8, 138, '103', 'Government Senior Secondary School, West Part, Niwali', 986),
(210, '08', '067', 2, 3, 8, 139, '104', 'Government Senior Secondary School, East Part, Niwali', 725),
(211, '08', '067', 2, 3, 8, 140, '105', ' Shahid Deshraj Yadav Government Upper Primary School, Chandigarh', 1083),
(212, '08', '067', 2, 3, 15, 141, '106', 'Government Upper Primary School, West Part, Room No. 5, Poothi', 1009),
(213, '08', '067', 2, 3, 15, 142, '107', 'Government Upper Primary School, East Part, Room No. 6, Poothi', 642),
(214, '08', '067', 2, 3, 11, 143, '108', 'Mahatma Gandhi Government School, Mandala Kalan', 952),
(215, '08', '067', 2, 3, 11, 144, '109', 'Government Upper Primary School, Lalawandi', 1220),
(216, '08', '067', 2, 3, 11, 145, '110', 'PM SHRI Government Senior Secondary School, West Part, Alawada', 1145),
(217, '08', '067', 2, 3, 11, 146, '111', 'PM SHRI Government Senior Secondary School, South Part, Alawada ', 1267),
(218, '08', '067', 2, 3, 11, 147, '112', 'Panchayat Bhawan, Alawada', 1373),
(219, '08', '067', 2, 3, 11, 148, '113', 'PM SHRI Government Senior Secondary School, Purana Bhawan, Govt. Pri. School, Primary Section, Alawa', 1397),
(220, '08', '067', 2, 3, 16, 149, '114', 'Government Senior Secondary School, North Part, Tilwad', 1153),
(221, '08', '067', 2, 3, 16, 150, '115', 'Government Senior Secondary School, South Part, Tilwad', 1130),
(222, '08', '067', 2, 3, 16, 151, '116', 'Government Primary School, Khanpur Khurd', 1090),
(223, '08', '067', 2, 3, 16, 152, '117', 'Government Senior Secondary School, Indpur', 1121),
(224, '08', '067', 2, 3, 16, 153, '118', 'Mahatma Gandhi Government School, Jahanpur', 970),
(225, '08', '067', 2, 3, 16, 154, '119', 'Mahatma Gandhi Government School, Singraka', 784),
(226, '08', '067', 2, 3, 16, 155, '120', 'Government Upper Primary School, Sahajpur', 917),
(227, '08', '067', 2, 3, 17, 156, '121', 'Government Senior Secondary School, Room No. 3, Malpur ', 1062),
(228, '08', '067', 2, 3, 17, 157, '122', 'Government Senior Secondary School, Room No. 4, Malpur ', 560),
(229, '08', '067', 2, 3, 17, 158, '123', 'Mahatma Gandhi Government School, North Part, Sirmor', 681),
(230, '08', '067', 2, 3, 17, 159, '124', 'Mahatma Gandhi Government School, West Part, Sirmor', 875),
(231, '08', '067', 2, 3, 17, 160, '125', 'Government Upper Primary School, West Part Room No. 1, Barwada', 742),
(232, '08', '067', 2, 3, 17, 161, '126', 'Government Upper Primary School, East Part, Room No. 5, Barwada', 1024),
(233, '08', '067', 2, 3, 17, 162, '127', 'Government Senior Secondary School, Room No. 18, Chidwai ', 955),
(234, '08', '067', 2, 3, 17, 163, '128', 'Government Senior Secondary School, Room No. 2, Chidwai ', 729),
(235, '08', '067', 2, 3, 11, 164, '129', 'Government Senior Secondary School, East Part, Milakpur', 945),
(236, '08', '067', 2, 3, 11, 165, '130', 'Government Senior Secondary School, West Part, Milakpur', 1373),
(237, '08', '067', 2, 3, 18, 166, '131', 'Government Senior Secondary School, Bilaspur', 663),
(238, '08', '067', 2, 3, 18, 167, '132', 'Government Primary School, Khanpur Kalan', 812),
(239, '08', '067', 2, 3, 14, 168, '133', 'Mahatma Gandhi Government School, khedi', 1451),
(240, '08', '067', 2, 3, 14, 169, '134', 'Government Upper Primary School, West Part, Doli', 776),
(241, '08', '067', 2, 3, 14, 170, '135', 'Government Upper Primary School, South Part, Doli', 871),
(242, '08', '067', 2, 3, 18, 171, '136', 'Government Upper Primary School, Mevkheda', 692),
(243, '08', '067', 2, 3, 18, 172, '137', 'Government Primary School, Mastabad', 692),
(244, '08', '067', 2, 3, 18, 173, '138', 'Government Upper Primary School, Bamnikheda', 724),
(245, '08', '067', 2, 3, 18, 174, '139', 'Government Senior Secondary School, Room No. 1, Sainthali ', 696),
(246, '08', '067', 2, 3, 18, 175, '140', 'Government Senior Secondary School, Room No. 10, Sainthali', 865),
(247, '08', '067', 2, 3, 18, 176, '141', 'Government Upper Primary School, Mangleshpur', 981),
(248, '08', '067', 2, 3, 18, 177, '142', 'Government Upper Primary School, Jadoli', 1019),
(249, '08', '067', 2, 3, 18, 178, '143', 'Government Senior Secondary School, Sainthali ka Bas', 1091),
(250, '08', '067', 2, 3, 19, 179, '144', 'Government Upper Primary School, Ladpur', 635),
(251, '08', '067', 2, 3, 19, 180, '145', 'Government Senior Secondary School, North Part, Gugdod', 760),
(252, '08', '067', 2, 3, 19, 181, '146', 'Government Senior Secondary School, East Part, Gugdod', 795),
(253, '08', '067', 2, 3, 19, 182, '147', 'Government Upper Primary School, North Part, Jugrawar', 1048),
(254, '08', '067', 2, 3, 19, 183, '148', 'Government Upper Primary School, South Part, Jugrawar', 718),
(255, '08', '067', 2, 3, 19, 184, '149', 'Government Primary School, Peepali ka Bas', 437),
(256, '08', '067', 2, 3, 19, 185, '150', 'Government Senior Secondary School, East Part, Bagad Rajput ', 1287),
(257, '08', '067', 2, 3, 19, 186, '151', 'Government Senior Secondary School, North Part, Bagad Rajput ', 1293),
(258, '08', '067', 2, 3, 20, 187, '152', 'Mahatma Gandhi Government School, East Part,  Bagad Meo ', 1175),
(259, '08', '067', 2, 3, 20, 188, '153', 'Mahatma Gandhi Government School, West Part, Bagad Meo', 1143),
(260, '08', '067', 2, 3, 20, 189, '154', 'Government Senior Secondary School, North Part, Bahala', 694),
(261, '08', '067', 2, 3, 20, 190, '154 A', 'Government Senior Secondary School, Room No. 2, Bahala', 768),
(262, '08', '067', 2, 3, 20, 191, '155', 'Government Senior Secondary School, South Part, Bahala', 814),
(263, '08', '067', 2, 3, 20, 192, '155 A', 'Government Senior Secondary School, Room No. 3, Bahala', 680),
(264, '08', '067', 2, 3, 20, 193, '156', 'Government Upper Primary School, Balwandka', 1193),
(265, '08', '067', 2, 3, 20, 194, '157', 'Government Primary School, Chiprada', 937),
(266, '08', '067', 2, 3, 20, 195, '158', 'Mahatma Gandhi Government School, Loharwadi', 1213),
(267, '08', '067', 2, 3, 13, 196, '159', 'Government Senior Secondary School, Choroti Pahad', 1204),
(268, '08', '067', 2, 3, 13, 197, '160', 'Government Upper Primary School, Choroti bas', 1144),
(269, '08', '067', 2, 3, 20, 198, '161', 'Government Senior Secondary School, Kesroli', 1369),
(270, '08', '067', 2, 3, 20, 199, '162', 'Government Primary School, Goleta', 1254),
(271, '08', '067', 2, 3, 20, 200, '163', 'Government Upper Primary School, Batesara', 879),
(272, '08', '067', 2, 3, 20, 201, '164', 'Government Senior Secondary School, West Part, Dhadholi ', 1139),
(273, '08', '067', 2, 3, 20, 202, '165', 'Government Senior Secondary School, North Part, Dhadoli', 932),
(274, '08', '067', 2, 3, 21, 203, '166', 'Mahatma Gandhi Government School, North Part, Meenapura', 910),
(275, '08', '067', 2, 3, 21, 204, '167', 'Mahatma Gandhi Government School, South Part, Meenapura', 786),
(276, '08', '067', 2, 3, 21, 205, '168', 'Government Upper Primary School, Shiriya ka Bas', 543),
(277, '08', '067', 2, 3, 21, 206, '169', 'Government Upper Primary School, Lalpuri', 577),
(278, '08', '067', 2, 3, 21, 207, '170', 'Government Senior Secondary School, Room No. 1, Jatpur', 862),
(279, '08', '067', 2, 3, 21, 208, '171', 'Government Senior Secondary School, Room No. 4, Jatpur', 821),
(280, '08', '067', 2, 3, 21, 209, '172', 'Government Senior Secondary School, North Part, Bamboli ', 1314),
(281, '08', '067', 2, 3, 21, 210, '173', 'Government Senior Secondary School, West Part, Bamboli ', 1270),
(282, '08', '067', 2, 3, 21, 211, '174', 'Mahatma Gandhi Government School, Bamboli ', 1200),
(283, '08', '067', 2, 3, 19, 212, '175', 'Government Senior Secondary School, West Part, Room No. 6, Nangli Megha', 1209),
(284, '08', '067', 2, 3, 19, 213, '176', 'Government Senior Secondary School, East Part, Room No. 5, Nangli Megha', 802),
(285, '08', '067', 2, 3, 19, 214, '177', 'Mahatma Gandhi Government School, East Part, Sahajpur', 1328),
(286, '08', '067', 2, 3, 19, 215, '178', 'Mahatma Gandhi Government School, West Part, Sahajpur', 864),
(287, '08', '067', 2, 3, 19, 216, '179', 'Government Senior Secondary School, Moonpur', 1047),
(288, '08', '067', 2, 3, 22, 217, '180', 'Government Senior Secondary School, Room No. 1, Nashopur', 909),
(289, '08', '067', 2, 3, 22, 218, '181', 'Government Senior Secondary School, Room No. 5, Nashopur', 689),
(290, '08', '067', 2, 3, 22, 219, '182', 'Mahatma Gandhi Government School, Room No. 3, Choroti Istmurar', 995),
(291, '08', '067', 2, 3, 22, 220, '183', 'Mahatma Gandhi Government School, Room No. 1, Choroti Istmurar', 725),
(292, '08', '067', 2, 3, 22, 221, '184', 'Government Senior Secondary School, Khunteta Kalan', 1282),
(293, '08', '067', 2, 3, 22, 222, '185', 'Government Upper Primary School, Gujarbas', 757),
(294, '08', '067', 2, 3, 23, 223, '186', 'Government Senior Secondary School, Pali', 917),
(295, '08', '067', 2, 3, 23, 224, '187', 'Government Upper Primary School, Khuteta Khurd', 580),
(296, '08', '067', 2, 3, 23, 225, '188', 'Government Senior Secondary School, North Part, Nangal Tappa', 611),
(297, '08', '067', 2, 3, 23, 226, '189', 'Government Senior Secondary School, South Part, Nangal Tappa', 819),
(298, '08', '067', 2, 3, 24, 227, '190', 'Government Senior Secondary School, East Part, Buntoli', 1283),
(299, '08', '067', 2, 3, 24, 228, '191', 'Government Senior Secondary School, West Part, Buntoli', 1348),
(300, '08', '067', 2, 3, 24, 229, '192', 'Government Upper Primary School, Bada bas Buntoli', 962),
(301, '08', '067', 2, 3, 24, 230, '193', 'Government Senior Secondary School, West Part, Deenar', 1331),
(302, '08', '067', 2, 3, 24, 231, '194', 'Government Senior Secondary School, East Part, Deenar', 779),
(303, '08', '067', 2, 3, 25, 232, '195', 'Government Senior Secondary School, South Part, Gandura', 1038),
(304, '08', '067', 2, 3, 25, 233, '196', 'Government Senior Secondary School, East Part, Gandura', 868),
(305, '08', '067', 2, 3, 25, 234, '197', 'Government Senior Secondary School, North Part, Gandura', 917),
(306, '08', '067', 2, 3, 25, 235, '198', 'Mahatma Gandhi Government School, Ahamad bas', 661),
(307, '08', '067', 2, 3, 25, 236, '199', 'Government Upper Primary School, Dhand', 1014),
(308, '08', '067', 2, 3, 24, 237, '200', 'Government Upper Primary School, Hadarheda', 937),
(309, '08', '067', 2, 3, 23, 238, '201', 'Government Primary School, Bai ka Bas', 799),
(310, '08', '067', 2, 3, 24, 239, '202', 'Government Upper Primary School, Nainapur', 767),
(311, '08', '067', 2, 3, 23, 240, '203', 'Government Senior Secondary School, Ghat', 1010),
(312, '08', '067', 2, 3, 23, 241, '204', 'Government Primary School, Ghat ka Bas', 1157),
(313, '08', '067', 2, 3, 24, 242, '205', 'Government Senior Secondary School, South Part, Ronpur ', 879),
(314, '08', '067', 2, 3, 24, 243, '206', 'Government Senior Secondary School, North Part, Ronpur ', 902),
(315, '08', '067', 2, 3, 25, 244, '207', 'Government Primary School, Kherli Viran', 493),
(316, '08', '067', 2, 3, 23, 245, '208', 'Government Upper Primary School, Sheetal', 1255),
(317, '08', '067', 2, 3, 23, 246, '209', 'Government Primary School, Mahalakpur', 501),
(318, '08', '067', 2, 3, 25, 247, '210', 'Government Senior Secondary School, Room No. 3, Butiyana ', 858),
(319, '08', '067', 2, 3, 25, 248, '211', 'Government Senior Secondary School, Room No. 11, Butiyana ', 763),
(320, '08', '067', 2, 3, 25, 249, '212', 'Government Primary School, Khedla', 869),
(321, '08', '067', 2, 3, 25, 250, '213', 'Government Upper Primary School, Chhangalki', 591),
(322, '08', '067', 2, 3, 26, 251, '214', 'Mahatma Gandhi Government School, East Part, Barodameo', 967),
(323, '08', '067', 2, 3, 26, 252, '215', 'Mahatma Gandhi Government School, West Part, Room No. 1, Barodameo', 1090),
(324, '08', '067', 2, 3, 26, 253, '216', 'Mahatma Gandhi Government School, Room No. 2, Barodameo', 1295),
(325, '08', '067', 2, 3, 26, 254, '217', 'Mahatma Gandhi Government School, Center Part, Barodameo', 1318),
(326, '08', '067', 2, 3, 26, 255, '218', 'Government Girls Senior Secondary School, Barodameo', 1393),
(327, '08', '067', 2, 3, 26, 256, '219', 'Mahatma Gandhi Government School, Room No. 7, Barodameo', 1367),
(328, '08', '067', 2, 3, 26, 257, '220', 'Government Upper Primary School, Pipalkheda', 1188),
(329, '08', '067', 2, 3, 26, 258, '221', 'Government Senior Secondary School, Room No. 2,  Nijam Nagar', 820),
(330, '08', '067', 2, 3, 26, 259, '222', 'Government Senior Secondary School, Room No. 7, Nijam Nagar ', 846),
(331, '08', '067', 2, 3, 25, 260, '223', 'Government Senior Secondary School, Khorpuri', 911),
(332, '08', '067', 2, 3, 23, 261, '224', 'Government Primary School, Bedha', 771),
(333, '08', '067', 2, 3, 23, 262, '225', 'Mahatma Gandhi Government School, Bhayadi', 956),
(334, '08', '067', 2, 3, 26, 263, '226', 'Government Senior Secondary School, East Part, Jaysinghpura', 837),
(335, '08', '067', 2, 3, 26, 264, '227', 'Government Senior Secondary School, West Part, Jaysinghpura', 806),
(336, '08', '067', 2, 3, 27, 265, '228', 'Government Senior Secondary School, East Part, Naswari', 1141),
(337, '08', '067', 2, 3, 27, 266, '229', 'Government Senior Secondary School, West Part, Naswari', 931),
(338, '08', '067', 2, 3, 27, 267, '230', 'Mahatma Gandhi Government School, Harsoli', 790),
(339, '08', '067', 2, 3, 27, 268, '231', 'Government Primary School, Mundpuri Kalan', 699),
(340, '08', '067', 2, 3, 27, 269, '232', 'Government Primary School, Entka', 1313),
(341, '08', '067', 2, 3, 28, 270, '233', 'Government Upper Primary School, Chhatarpur', 1276),
(342, '08', '067', 2, 3, 28, 271, '234', 'Government Primary School, Teekari', 659),
(343, '08', '067', 2, 3, 28, 272, '235', 'Government Senior Secondary School, Phahari', 1190),
(344, '08', '067', 2, 3, 28, 273, '236', 'Mahatma Gandhi Government School, Beeduka', 955),
(345, '08', '067', 2, 3, 28, 274, '237', 'Government Senior Secondary School, Talada', 1013),
(346, '08', '067', 2, 3, 28, 275, '238', 'Government Senior Secondary School, Kharasanki', 969),
(347, '08', '067', 2, 3, 28, 276, '239', 'Mahatma Gandhi Government School, Mundpuri Khurd', 687),
(348, '08', '067', 2, 3, 29, 277, '240', 'Mahatma Gandhi Government School, North Part, Room No. 11 , Rambas', 1082),
(349, '08', '067', 2, 3, 29, 278, '241', 'Government Primary School, Room No. 1, Kadam Colony Rambas', 1234),
(350, '08', '067', 2, 3, 29, 279, '242', 'Mahatma Gandhi Government School, East Part, Rambas', 1179),
(351, '08', '067', 2, 3, 29, 280, '243', 'Mahatma Gandhi Government School, South Part, Rambas', 1227),
(352, '08', '067', 2, 3, 29, 281, '244', 'Government Senior Secondary School, West Part, Room No. 36 , Govindgarh', 1153),
(353, '08', '067', 2, 3, 29, 282, '245', 'Government Senior Secondary School, East Part, Room No. 4 , Govindgarh', 1037),
(354, '08', '067', 2, 3, 29, 283, '246', 'Government Girls Senior Secondary School, Room No. 6 , Govindgarh', 1099),
(355, '08', '067', 2, 3, 29, 284, '247', 'Government Girls Senior Secondary School, North Part, Room No. 8, Govindgarh', 1214),
(356, '08', '067', 2, 3, 29, 285, '248', 'Government Senior Secondary School, South Part, Room No. 10 , Govindgarh', 1087),
(357, '08', '067', 2, 3, 29, 286, '249', 'Government Senior Secondary School, North Part, Room No. 5 , Govindgarh', 1132),
(358, '08', '067', 2, 3, 29, 287, '250', 'Government Senior Secondary School, South Part, Room No. 12, Govindgarh', 909),
(359, '08', '067', 2, 3, 29, 288, '251', 'Government Girls Senior Secondary School, Room No. 4, Govindgarh', 1053),
(360, '08', '067', 2, 3, 27, 289, '252', 'PM SHRI Government Senior Secondary School, Room No. 1, Kheda Mahmood ', 953),
(361, '08', '067', 2, 3, 27, 290, '253', 'PM SHRI Government Senior Secondary School, Room No. 2, Kheda Mahmood ', 1174),
(362, '08', '067', 2, 3, 28, 291, '254', 'Mahatma Gandhi Government School, Plankheda', 625),
(363, '08', '067', 2, 3, 28, 292, '255', 'Government Upper Primary School, Kachroti', 837),
(364, '08', '067', 2, 3, 27, 293, '256', 'Government Senior Secondary School, East Part, Kherli Bahadar ', 1082),
(365, '08', '067', 2, 3, 27, 294, '257', 'Government Senior Secondary School, West Part, Khedli bahadar', 620),
(366, '08', '067', 2, 3, 30, 295, '258', 'Government Primary School, Chimarwada', 414),
(367, '08', '067', 2, 3, 30, 296, '259', 'Government Senior Secondary School, Room No. 1, Baroli', 1071),
(368, '08', '067', 2, 3, 30, 297, '260', 'Government Senior Secondary School, Room No. 3, Baroli', 597),
(369, '08', '067', 2, 3, 30, 298, '261', 'Government Primary School, Alghana', 576),
(370, '08', '067', 2, 3, 30, 299, '262', 'Government Senior Secondary School, Room No. 2, Nyana', 945),
(371, '08', '067', 2, 3, 30, 300, '263', 'Government Senior Secondary School, Room No. 6 , Nyana', 880),
(372, '08', '067', 2, 3, 30, 301, '264', 'Government Senior Secondary School, West Part, Saidampur', 845),
(373, '08', '067', 2, 3, 30, 302, '265', 'Government Senior Secondary School, East Part, Saidampur', 854),
(374, '08', '067', 2, 3, 30, 303, '266', 'Government Primary School, Dodoli', 580),
(375, '08', '067', 2, 3, 30, 304, '267', 'Mahatma Gandhi Government School, Pagsedi', 806),
(376, '08', '067', 2, 3, 30, 305, '268', 'Government Senior Secondary School, Kaimasa', 1224),
(377, '08', '067', 2, 3, 31, 306, '269', 'Government Upper Primary School, Dabri', 650),
(378, '08', '067', 2, 3, 31, 307, '270', 'Government Primary School, Jhareda', 552),
(379, '08', '067', 2, 3, 31, 308, '271', 'Government Upper Primary School, Badbara', 940),
(380, '08', '067', 2, 3, 31, 309, '272', 'Government Primary School, Bajhedi', 1255),
(381, '08', '067', 2, 3, 31, 310, '273', 'Government Upper Primary School, Saimli Dilawar', 854),
(382, '08', '067', 2, 3, 31, 311, '274', 'Government Senior Secondary School, Room No. 8, Bhaisdawat', 877),
(383, '08', '067', 2, 3, 31, 312, '275', 'Government Senior Secondary School, Room No. 1, Bhaisdawat', 845),
(384, '08', '067', 2, 3, 31, 313, '276', 'Government Senior Secondary School, Saimla Khurd', 1222),
(385, '08', '067', 2, 3, 31, 314, '277', 'Government Senior Secondary School, Dongdi', 1327),
(386, '08', '067', 2, 3, 31, 315, '278', 'Government Upper Primary School, Ratnaki', 925);

-- --------------------------------------------------------

--
-- Table structure for table `turnout_info`
--

CREATE TABLE `turnout_info` (
  `ps_uid` int(11) NOT NULL,
  `TIME_9AM` int(11) DEFAULT 0,
  `TIME_11AM` int(11) DEFAULT 0,
  `TIME_01PM` int(11) DEFAULT 0,
  `TIME_03PM` int(11) DEFAULT 0,
  `TIME_05PM` int(11) DEFAULT 0,
  `CLOSE` int(11) DEFAULT 0
) ENGINE=InnoDB DEFAULT CHARSET=utf8mb4 COLLATE=utf8mb4_general_ci;

--
-- Dumping data for table `turnout_info`
--

INSERT INTO `turnout_info` (`ps_uid`, `TIME_9AM`, `TIME_11AM`, `TIME_01PM`, `TIME_03PM`, `TIME_05PM`, `CLOSE`) VALUES
(103, 10, 0, 0, 0, 0, 0),
(104, 0, 0, 0, 0, 0, 0),
(105, 0, 0, 0, 0, 0, 0),
(106, 0, 0, 0, 0, 0, 0),
(107, 0, 0, 0, 0, 0, 0),
(108, 0, 0, 0, 0, 0, 0),
(109, 0, 0, 0, 0, 0, 0),
(110, 0, 0, 0, 0, 0, 0),
(111, 0, 0, 0, 0, 0, 0),
(112, 0, 0, 0, 0, 0, 0),
(113, 0, 0, 0, 0, 0, 0),
(114, 0, 0, 0, 0, 0, 0),
(115, 0, 0, 0, 0, 0, 0),
(116, 0, 0, 0, 0, 0, 0),
(117, 0, 0, 0, 0, 0, 0),
(118, 0, 0, 0, 0, 0, 0),
(119, 0, 0, 0, 0, 0, 0),
(120, 0, 0, 0, 0, 0, 0),
(121, 0, 0, 0, 0, 0, 0),
(122, 0, 0, 0, 0, 0, 0),
(123, 0, 0, 0, 0, 0, 0),
(124, 0, 0, 0, 0, 0, 0),
(125, 0, 0, 0, 0, 0, 0),
(126, 0, 0, 0, 0, 0, 0),
(127, 0, 0, 0, 0, 0, 0),
(128, 0, 0, 0, 0, 0, 0),
(129, 0, 0, 0, 0, 0, 0),
(130, 0, 0, 0, 0, 0, 0),
(131, 0, 0, 0, 0, 0, 0),
(132, 0, 0, 0, 0, 0, 0),
(133, 0, 0, 0, 0, 0, 0),
(134, 0, 0, 0, 0, 0, 0),
(135, 0, 0, 0, 0, 0, 0),
(136, 0, 0, 0, 0, 0, 0),
(137, 0, 0, 0, 0, 0, 0),
(138, 0, 0, 0, 0, 0, 0),
(139, 0, 0, 0, 0, 0, 0),
(140, 0, 0, 0, 0, 0, 0),
(141, 0, 0, 0, 0, 0, 0),
(142, 0, 0, 0, 0, 0, 0),
(143, 0, 0, 0, 0, 0, 0),
(144, 0, 0, 0, 0, 0, 0),
(145, 0, 0, 0, 0, 0, 0),
(146, 0, 0, 0, 0, 0, 0),
(147, 0, 0, 0, 0, 0, 0),
(148, 0, 0, 0, 0, 0, 0),
(149, 0, 0, 0, 0, 0, 0),
(150, 0, 0, 0, 0, 0, 0),
(151, 0, 0, 0, 0, 0, 0),
(152, 0, 0, 0, 0, 0, 0),
(153, 0, 0, 0, 0, 0, 0),
(154, 0, 0, 0, 0, 0, 0),
(155, 0, 0, 0, 0, 0, 0),
(156, 0, 0, 0, 0, 0, 0),
(157, 0, 0, 0, 0, 0, 0),
(158, 0, 0, 0, 0, 0, 0),
(159, 0, 0, 0, 0, 0, 0),
(160, 0, 0, 0, 0, 0, 0),
(161, 0, 0, 0, 0, 0, 0),
(162, 0, 0, 0, 0, 0, 0),
(163, 0, 0, 0, 0, 0, 0),
(164, 0, 0, 0, 0, 0, 0),
(165, 0, 0, 0, 0, 0, 0),
(166, 0, 0, 0, 0, 0, 0),
(167, 0, 0, 0, 0, 0, 0),
(168, 0, 0, 0, 0, 0, 0),
(169, 0, 0, 0, 0, 0, 0),
(170, 0, 0, 0, 0, 0, 0),
(171, 0, 0, 0, 0, 0, 0),
(172, 0, 0, 0, 0, 0, 0),
(173, 0, 0, 0, 0, 0, 0),
(174, 0, 0, 0, 0, 0, 0),
(175, 0, 0, 0, 0, 0, 0),
(176, 0, 0, 0, 0, 0, 0),
(177, 0, 0, 0, 0, 0, 0),
(178, 0, 0, 0, 0, 0, 0),
(179, 0, 0, 0, 0, 0, 0),
(180, 0, 0, 0, 0, 0, 0),
(181, 0, 0, 0, 0, 0, 0),
(182, 0, 0, 0, 0, 0, 0),
(183, 0, 0, 0, 0, 0, 0),
(184, 0, 0, 0, 0, 0, 0),
(185, 0, 0, 0, 0, 0, 0),
(186, 0, 0, 0, 0, 0, 0),
(187, 0, 0, 0, 0, 0, 0),
(188, 0, 0, 0, 0, 0, 0),
(189, 0, 0, 0, 0, 0, 0),
(190, 0, 0, 0, 0, 0, 0),
(191, 0, 0, 0, 0, 0, 0),
(192, 0, 0, 0, 0, 0, 0),
(193, 0, 0, 0, 0, 0, 0),
(194, 0, 0, 0, 0, 0, 0),
(195, 0, 0, 0, 0, 0, 0),
(196, 0, 0, 0, 0, 0, 0),
(197, 0, 0, 0, 0, 0, 0),
(198, 0, 0, 0, 0, 0, 0),
(199, 0, 0, 0, 0, 0, 0),
(200, 0, 0, 0, 0, 0, 0),
(201, 0, 0, 0, 0, 0, 0),
(202, 0, 0, 0, 0, 0, 0),
(203, 0, 0, 0, 0, 0, 0),
(204, 0, 0, 0, 0, 0, 0),
(205, 0, 0, 0, 0, 0, 0),
(206, 0, 0, 0, 0, 0, 0),
(207, 0, 0, 0, 0, 0, 0),
(208, 0, 0, 0, 0, 0, 0),
(209, 0, 0, 0, 0, 0, 0),
(210, 0, 0, 0, 0, 0, 0),
(211, 0, 0, 0, 0, 0, 0),
(212, 0, 0, 0, 0, 0, 0),
(213, 0, 0, 0, 0, 0, 0),
(214, 0, 0, 0, 0, 0, 0),
(215, 0, 0, 0, 0, 0, 0),
(216, 0, 0, 0, 0, 0, 0),
(217, 0, 0, 0, 0, 0, 0),
(218, 0, 0, 0, 0, 0, 0),
(219, 0, 0, 0, 0, 0, 0),
(220, 0, 0, 0, 0, 0, 0),
(221, 0, 0, 0, 0, 0, 0),
(222, 0, 0, 0, 0, 0, 0),
(223, 0, 0, 0, 0, 0, 0),
(224, 0, 0, 0, 0, 0, 0),
(225, 0, 0, 0, 0, 0, 0),
(226, 0, 0, 0, 0, 0, 0),
(227, 0, 0, 0, 0, 0, 0),
(228, 0, 0, 0, 0, 0, 0),
(229, 0, 0, 0, 0, 0, 0),
(230, 0, 0, 0, 0, 0, 0),
(231, 0, 0, 0, 0, 0, 0),
(232, 0, 0, 0, 0, 0, 0),
(233, 0, 0, 0, 0, 0, 0),
(234, 0, 0, 0, 0, 0, 0),
(235, 0, 0, 0, 0, 0, 0),
(236, 0, 0, 0, 0, 0, 0),
(237, 0, 0, 0, 0, 0, 0),
(238, 0, 0, 0, 0, 0, 0),
(239, 0, 0, 0, 0, 0, 0),
(240, 0, 0, 0, 0, 0, 0),
(241, 0, 0, 0, 0, 0, 0),
(242, 0, 0, 0, 0, 0, 0),
(243, 0, 0, 0, 0, 0, 0),
(244, 0, 0, 0, 0, 0, 0),
(245, 0, 0, 0, 0, 0, 0),
(246, 0, 0, 0, 0, 0, 0),
(247, 0, 0, 0, 0, 0, 0),
(248, 0, 0, 0, 0, 0, 0),
(249, 0, 0, 0, 0, 0, 0),
(250, 0, 0, 0, 0, 0, 0),
(251, 0, 0, 0, 0, 0, 0),
(252, 0, 0, 0, 0, 0, 0),
(253, 0, 0, 0, 0, 0, 0),
(254, 0, 0, 0, 0, 0, 0),
(255, 0, 0, 0, 0, 0, 0),
(256, 0, 0, 0, 0, 0, 0),
(257, 0, 0, 0, 0, 0, 0),
(258, 0, 0, 0, 0, 0, 0),
(259, 0, 0, 0, 0, 0, 0),
(260, 0, 0, 0, 0, 0, 0),
(261, 0, 0, 0, 0, 0, 0),
(262, 0, 0, 0, 0, 0, 0),
(263, 0, 0, 0, 0, 0, 0),
(264, 0, 0, 0, 0, 0, 0),
(265, 0, 0, 0, 0, 0, 0),
(266, 0, 0, 0, 0, 0, 0),
(267, 0, 0, 0, 0, 0, 0),
(268, 0, 0, 0, 0, 0, 0),
(269, 0, 0, 0, 0, 0, 0),
(270, 0, 0, 0, 0, 0, 0),
(271, 0, 0, 0, 0, 0, 0),
(272, 0, 0, 0, 0, 0, 0),
(273, 0, 0, 0, 0, 0, 0),
(274, 0, 0, 0, 0, 0, 0),
(275, 0, 0, 0, 0, 0, 0),
(276, 0, 0, 0, 0, 0, 0),
(277, 0, 0, 0, 0, 0, 0),
(278, 0, 0, 0, 0, 0, 0),
(279, 0, 0, 0, 0, 0, 0),
(280, 0, 0, 0, 0, 0, 0),
(281, 0, 0, 0, 0, 0, 0),
(282, 0, 0, 0, 0, 0, 0),
(283, 0, 0, 0, 0, 0, 0),
(284, 0, 0, 0, 0, 0, 0),
(285, 0, 0, 0, 0, 0, 0),
(286, 0, 0, 0, 0, 0, 0),
(287, 0, 0, 0, 0, 0, 0),
(288, 0, 0, 0, 0, 0, 0),
(289, 0, 0, 0, 0, 0, 0),
(290, 0, 0, 0, 0, 0, 0),
(291, 0, 0, 0, 0, 0, 0),
(292, 0, 0, 0, 0, 0, 0),
(293, 0, 0, 0, 0, 0, 0),
(294, 0, 0, 0, 0, 0, 0),
(295, 0, 0, 0, 0, 0, 0),
(296, 0, 0, 0, 0, 0, 0),
(297, 0, 0, 0, 0, 0, 0),
(298, 0, 0, 0, 0, 0, 0),
(299, 0, 0, 0, 0, 0, 0),
(300, 0, 0, 0, 0, 0, 0),
(301, 0, 0, 0, 0, 0, 0),
(302, 0, 0, 0, 0, 0, 0),
(303, 0, 0, 0, 0, 0, 0),
(304, 0, 0, 0, 0, 0, 0),
(305, 0, 0, 0, 0, 0, 0),
(306, 0, 0, 0, 0, 0, 0),
(307, 0, 0, 0, 0, 0, 0),
(308, 0, 0, 0, 0, 0, 0),
(309, 0, 0, 0, 0, 0, 0),
(310, 0, 0, 0, 0, 0, 0),
(311, 0, 0, 0, 0, 0, 0),
(312, 0, 0, 0, 0, 0, 0),
(313, 0, 0, 0, 0, 0, 0),
(314, 0, 0, 0, 0, 0, 0),
(315, 0, 0, 0, 0, 0, 0),
(316, 0, 0, 0, 0, 0, 0),
(317, 0, 0, 0, 0, 0, 0),
(318, 0, 0, 0, 0, 0, 0),
(319, 0, 0, 0, 0, 0, 0),
(320, 0, 0, 0, 0, 0, 0),
(321, 0, 0, 0, 0, 0, 0),
(322, 0, 0, 0, 0, 0, 0),
(323, 0, 0, 0, 0, 0, 0),
(324, 0, 0, 0, 0, 0, 0),
(325, 0, 0, 0, 0, 0, 0),
(326, 0, 0, 0, 0, 0, 0),
(327, 0, 0, 0, 0, 0, 0),
(328, 0, 0, 0, 0, 0, 0),
(329, 0, 0, 0, 0, 0, 0),
(330, 0, 0, 0, 0, 0, 0),
(331, 0, 0, 0, 0, 0, 0),
(332, 0, 0, 0, 0, 0, 0),
(333, 0, 0, 0, 0, 0, 0),
(334, 0, 0, 0, 0, 0, 0),
(335, 0, 0, 0, 0, 0, 0),
(336, 0, 0, 0, 0, 0, 0),
(337, 0, 0, 0, 0, 0, 0),
(338, 0, 0, 0, 0, 0, 0),
(339, 0, 0, 0, 0, 0, 0),
(340, 0, 0, 0, 0, 0, 0),
(341, 0, 0, 0, 0, 0, 0),
(342, 0, 0, 0, 0, 0, 0),
(343, 0, 0, 0, 0, 0, 0),
(344, 0, 0, 0, 0, 0, 0),
(345, 0, 0, 0, 0, 0, 0),
(346, 0, 0, 0, 0, 0, 0),
(347, 0, 0, 0, 0, 0, 0),
(348, 0, 0, 0, 0, 0, 0),
(349, 0, 0, 0, 0, 0, 0),
(350, 0, 0, 0, 0, 0, 0),
(351, 0, 0, 0, 0, 0, 0),
(352, 0, 0, 0, 0, 0, 0),
(353, 0, 0, 0, 0, 0, 0),
(354, 0, 0, 0, 0, 0, 0),
(355, 0, 0, 0, 0, 0, 0),
(356, 0, 0, 0, 0, 0, 0),
(357, 0, 0, 0, 0, 0, 0),
(358, 0, 0, 0, 0, 0, 0),
(359, 0, 0, 0, 0, 0, 0),
(360, 0, 0, 0, 0, 0, 0),
(361, 0, 0, 0, 0, 0, 0),
(362, 0, 0, 0, 0, 0, 0),
(363, 0, 0, 0, 0, 0, 0),
(364, 0, 0, 0, 0, 0, 0),
(365, 0, 0, 0, 0, 0, 0),
(366, 0, 0, 0, 0, 0, 0),
(367, 0, 0, 0, 0, 0, 0),
(368, 0, 0, 0, 0, 0, 0),
(369, 0, 0, 0, 0, 0, 0),
(370, 0, 0, 0, 0, 0, 0),
(371, 0, 0, 0, 0, 0, 0),
(372, 0, 0, 0, 0, 0, 0),
(373, 0, 0, 0, 0, 0, 0),
(374, 0, 0, 0, 0, 0, 0),
(375, 0, 0, 0, 0, 0, 0),
(376, 0, 0, 0, 0, 0, 0),
(377, 0, 0, 0, 0, 0, 0),
(378, 0, 0, 0, 0, 0, 0),
(379, 0, 0, 0, 0, 0, 0),
(380, 0, 0, 0, 0, 0, 0),
(381, 0, 0, 0, 0, 0, 0),
(382, 0, 0, 0, 0, 0, 0),
(383, 0, 0, 0, 0, 0, 0),
(384, 0, 0, 0, 0, 0, 0),
(385, 0, 0, 0, 0, 0, 0),
(386, 0, 0, 0, 0, 0, 0);

-- --------------------------------------------------------

--
-- Table structure for table `user_info`
--

CREATE TABLE `user_info` (
  `uid` int(11) NOT NULL,
  `state_no` varchar(10) DEFAULT NULL,
  `pc_no` varchar(10) DEFAULT NULL,
  `ac_no` varchar(10) DEFAULT NULL,
  `ps_no` varchar(10) DEFAULT NULL,
  `user_type` enum('RO','PRO','SO','DEO') DEFAULT NULL,
  `name` varchar(100) DEFAULT NULL,
  `mobile_number` varchar(15) DEFAULT NULL,
  `username` varchar(50) DEFAULT NULL,
  `password` varchar(255) DEFAULT NULL
) ENGINE=InnoDB DEFAULT CHARSET=utf8mb4 COLLATE=utf8mb4_general_ci;

--
-- Dumping data for table `user_info`
--

INSERT INTO `user_info` (`uid`, `state_no`, `pc_no`, `ac_no`, `ps_no`, `user_type`, `name`, `mobile_number`, `username`, `password`) VALUES
(2, '20', '08', 'NA', 'NA', 'DEO', 'ARTIKA SHUKLA', '1234567891', 'DEOS20D08', '1234567891'),
(3, '20', '08', '067', 'NA', 'RO', 'SURENDRA PRASAD', '1234567891', 'ROS20A067', '1234567891'),
(4, '20', '08', '067', 'NA', 'SO', 'RAJESH MATHUR', '8290658744', 'SOS20A06701', '8290658744'),
(5, '20', '08', '067', 'NA', 'SO', 'PRUSHOTTAM GUPTA', '9636282586', 'SOS20A06702', '9636282586'),
(6, '20', '08', '067', 'NA', 'SO', 'MANISH VERMA', '8949477021', 'SOS20A06703', '8949477021'),
(7, '20', '08', '067', 'NA', 'SO', 'DR. VIJAY KUMAR', '9346353394', 'SOS20A06704', '9346353394'),
(8, '20', '08', '067', 'NA', 'SO', 'JITENDRA AGARWAL', '9460268459', 'SOS20A06705', '9460268459'),
(9, '20', '08', '067', 'NA', 'SO', 'POORAN CHAND', '9460371515', 'SOS20A06706', '9460371515'),
(10, '20', '08', '067', 'NA', 'SO', 'RAMESH CHAND', '9828115706', 'SOS20A06707', '9828115706'),
(11, '20', '08', '067', 'NA', 'SO', 'HIMANSHU AVASTHI', '9784426100', 'SOS20A06708', '9784426100'),
(12, '20', '08', '067', 'NA', 'SO', 'JAGDISH SHARMA', '9414445438', 'SOS20A06709', '9414445438'),
(13, '20', '08', '067', 'NA', 'SO', 'DASRATH SINGH', '8058382815', 'SOS20A06710', '8058382815'),
(14, '20', '08', '067', 'NA', 'SO', 'MAHENDRA KUMAR', '9413986550', 'SOS20A06711', '9413986550'),
(15, '20', '08', '067', 'NA', 'SO', 'BHARAT LAL', '9414711281', 'SOS20A06712', '9414711281'),
(16, '20', '08', '067', 'NA', 'SO', 'PARTH SINGH', '9413243181', 'SOS20A06713', '9413243181'),
(17, '20', '08', '067', 'NA', 'SO', 'DR. DEVENDRA', '9887590829', 'SOS20A06714', '9887590829'),
(18, '20', '08', '067', 'NA', 'SO', 'SURESH MEENA', '9929326649', 'SOS20A06715', '9929326649'),
(19, '20', '08', '067', 'NA', 'SO', 'ASHWANI SHARMA', '9413736658', 'SOS20A06716', '9413736658'),
(20, '20', '08', '067', 'NA', 'SO', 'RAJKUMAR SONI', '9829764603', 'SOS20A06717', '9829764603'),
(21, '20', '08', '067', 'NA', 'SO', 'SURESH CHAND', '9460131754', 'SOS20A06718', '9460131754'),
(22, '20', '08', '067', 'NA', 'SO', 'DR. SURESH KUMAR', '9829648620', 'SOS20A06719', '9829648620'),
(23, '20', '08', '067', 'NA', 'SO', 'SUBHASH CHAND', '9462639903', 'SOS20A06720', '9462639903'),
(24, '20', '08', '067', 'NA', 'SO', 'PRASHANT SAINI', '9461040255', 'SOS20A06721', '9461040255'),
(25, '20', '08', '067', 'NA', 'SO', 'RAJVEER SINGH', '9460621354', 'SOS20A06722', '9460621354'),
(26, '20', '08', '067', 'NA', 'SO', 'MAHESH CHAND GOTHWAL', '9414051465', 'SOS20A06723', '9414051465'),
(27, '20', '08', '067', '', 'SO', 'DR. HANSRAJ MALI', '9509972587', 'SOS20A06724', '9509972587'),
(28, '20', '08', '067', '', 'SO', 'DR. SUBASH CHAND', '9424275467', 'SOS20A06725', '9424275467'),
(29, '20', '08', '067', '', 'SO', 'PRADEEP KUMAR MAHOLIYA', '9828199064', 'SOS20A06726', '9828199064'),
(30, '20', '08', '067', '', 'SO', 'KRISHANAVTAR SHARMA', '9928683105', 'SOS20A06727', '9928683105'),
(31, '20', '08', '067', '', 'SO', 'RAJENDRA KHATRI', '9413035223', 'SOS20A06728', '9413035223'),
(32, '20', '08', '067', '', 'PRO', 'RAJKUMARSAIN', '7665705777', 'PROS20A067001', '7665705777'),
(33, '20', '08', '067', '', 'PRO', 'A', '1234567891', 'PROS20A067002', '1234567891'),
(34, '20', '08', '067', '', 'PRO', 'A', '1234567891', 'PROS20A067003', '1234567891'),
(35, '20', '08', '067', '', 'PRO', 'A', '1234567891', 'PROS20A067004', '1234567891'),
(36, '20', '08', '067', '', 'PRO', 'A', '1234567891', 'PROS20A067005', '1234567891'),
(37, '20', '08', '067', '', 'PRO', 'A', '1234567891', 'PROS20A067006', '1234567891'),
(38, '20', '08', '067', '', 'PRO', 'A', '1234567891', 'PROS20A067007', '1234567891'),
(39, '20', '08', '067', '', 'PRO', 'A', '1234567891', 'PROS20A067008', '1234567891'),
(40, '20', '08', '067', '', 'PRO', 'A', '1234567891', 'PROS20A067009', '1234567891'),
(41, '20', '08', '067', '', 'PRO', 'A', '1234567891', 'PROS20A067010', '1234567891'),
(42, '20', '08', '067', '', 'PRO', 'A', '1234567891', 'PROS20A067011', '1234567891'),
(43, '20', '08', '067', '', 'PRO', 'A', '1234567891', 'PROS20A067012', '1234567891'),
(44, '20', '08', '067', '', 'PRO', 'A', '1234567891', 'PROS20A067013', '1234567891'),
(45, '20', '08', '067', '', 'PRO', 'A', '1234567891', 'PROS20A067014', '1234567891'),
(46, '20', '08', '067', '', 'PRO', 'A', '1234567891', 'PROS20A067015', '1234567891'),
(47, '20', '08', '067', '', 'PRO', 'A', '1234567891', 'PROS20A067016', '1234567891'),
(48, '20', '08', '067', '', 'PRO', 'A', '1234567891', 'PROS20A067017', '1234567891'),
(49, '20', '08', '067', '', 'PRO', 'A', '1234567891', 'PROS20A067018', '1234567891'),
(50, '20', '08', '067', '', 'PRO', 'A', '1234567891', 'PROS20A067019', '1234567891'),
(51, '20', '08', '067', '', 'PRO', 'A', '1234567891', 'PROS20A067020', '1234567891'),
(52, '20', '08', '067', '', 'PRO', 'A', '1234567891', 'PROS20A067021', '1234567891'),
(53, '20', '08', '067', '', 'PRO', 'A', '1234567891', 'PROS20A067022', '1234567891'),
(54, '20', '08', '067', '', 'PRO', 'A', '1234567891', 'PROS20A067023', '1234567891'),
(55, '20', '08', '067', '', 'PRO', 'A', '1234567891', 'PROS20A067024', '1234567891'),
(56, '20', '08', '067', '', 'PRO', 'A', '1234567891', 'PROS20A067025', '1234567891'),
(57, '20', '08', '067', '', 'PRO', 'A', '1234567891', 'PROS20A067026', '1234567891'),
(58, '20', '08', '067', '', 'PRO', 'A', '1234567891', 'PROS20A067027', '1234567891'),
(59, '20', '08', '067', '', 'PRO', 'A', '1234567891', 'PROS20A067028', '1234567891'),
(60, '20', '08', '067', '', 'PRO', 'A', '1234567891', 'PROS20A067029', '1234567891'),
(61, '20', '08', '067', '', 'PRO', 'A', '1234567891', 'PROS20A067030', '1234567891'),
(62, '20', '08', '067', '', 'PRO', 'A', '1234567891', 'PROS20A067031', '1234567891'),
(63, '20', '08', '067', '', 'PRO', 'A', '1234567891', 'PROS20A067032', '1234567891'),
(64, '20', '08', '067', '', 'PRO', 'A', '1234567891', 'PROS20A067033', '1234567891'),
(65, '20', '08', '067', '', 'PRO', 'A', '1234567891', 'PROS20A067034', '1234567891'),
(66, '20', '08', '067', '', 'PRO', 'A', '1234567891', 'PROS20A067035', '1234567891'),
(67, '20', '08', '067', '', 'PRO', 'A', '1234567891', 'PROS20A067036', '1234567891'),
(68, '20', '08', '067', '', 'PRO', 'A', '1234567891', 'PROS20A067037', '1234567891'),
(69, '20', '08', '067', '', 'PRO', 'A', '1234567891', 'PROS20A067038', '1234567891'),
(70, '20', '08', '067', '', 'PRO', 'A', '1234567891', 'PROS20A067039', '1234567891'),
(71, '20', '08', '067', '', 'PRO', 'A', '1234567891', 'PROS20A067040', '1234567891'),
(72, '20', '08', '067', '', 'PRO', 'A', '1234567891', 'PROS20A067041', '1234567891'),
(73, '20', '08', '067', '', 'PRO', 'A', '1234567891', 'PROS20A067042', '1234567891'),
(74, '20', '08', '067', '', 'PRO', 'A', '1234567891', 'PROS20A067043', '1234567891'),
(75, '20', '08', '067', '', 'PRO', 'A', '1234567891', 'PROS20A067044', '1234567891'),
(76, '20', '08', '067', '', 'PRO', 'A', '1234567891', 'PROS20A067045', '1234567891'),
(77, '20', '08', '067', '', 'PRO', 'A', '1234567891', 'PROS20A067046', '1234567891'),
(78, '20', '08', '067', '', 'PRO', 'A', '1234567891', 'PROS20A067047', '1234567891'),
(79, '20', '08', '067', '', 'PRO', 'A', '1234567891', 'PROS20A067048', '1234567891'),
(80, '20', '08', '067', '', 'PRO', 'A', '1234567891', 'PROS20A067049', '1234567891'),
(81, '20', '08', '067', '', 'PRO', 'A', '1234567891', 'PROS20A067050', '1234567891'),
(82, '20', '08', '067', '', 'PRO', 'A', '1234567891', 'PROS20A067051', '1234567891'),
(83, '20', '08', '067', '', 'PRO', 'A', '1234567891', 'PROS20A067052', '1234567891'),
(84, '20', '08', '067', '', 'PRO', 'A', '1234567891', 'PROS20A067053', '1234567891'),
(85, '20', '08', '067', '', 'PRO', 'A', '1234567891', 'PROS20A067054', '1234567891'),
(86, '20', '08', '067', '', 'PRO', 'A', '1234567891', 'PROS20A067055', '1234567891'),
(87, '20', '08', '067', '', 'PRO', 'A', '1234567891', 'PROS20A067056', '1234567891'),
(88, '20', '08', '067', '', 'PRO', 'A', '1234567891', 'PROS20A067057', '1234567891'),
(89, '20', '08', '067', '', 'PRO', 'A', '1234567891', 'PROS20A067058', '1234567891'),
(90, '20', '08', '067', '', 'PRO', 'A', '1234567891', 'PROS20A067059', '1234567891'),
(91, '20', '08', '067', '', 'PRO', 'A', '1234567891', 'PROS20A067060', '1234567891'),
(92, '20', '08', '067', '', 'PRO', 'A', '1234567891', 'PROS20A067061', '1234567891'),
(93, '20', '08', '067', '', 'PRO', 'A', '1234567891', 'PROS20A067062', '1234567891'),
(94, '20', '08', '067', '', 'PRO', 'A', '1234567891', 'PROS20A067063', '1234567891'),
(95, '20', '08', '067', '', 'PRO', 'A', '1234567891', 'PROS20A067064', '1234567891'),
(96, '20', '08', '067', '', 'PRO', 'A', '1234567891', 'PROS20A067065', '1234567891'),
(97, '20', '08', '067', '', 'PRO', 'A', '1234567891', 'PROS20A067066', '1234567891'),
(98, '20', '08', '067', '', 'PRO', 'A', '1234567891', 'PROS20A067067', '1234567891'),
(99, '20', '08', '067', '', 'PRO', 'A', '1234567891', 'PROS20A067068', '1234567891'),
(100, '20', '08', '067', '', 'PRO', 'A', '1234567891', 'PROS20A067069', '1234567891'),
(101, '20', '08', '067', '', 'PRO', 'A', '1234567891', 'PROS20A067070', '1234567891'),
(102, '20', '08', '067', '', 'PRO', 'A', '1234567891', 'PROS20A067071', '1234567891'),
(103, '20', '08', '067', '', 'PRO', 'A', '1234567891', 'PROS20A067072', '1234567891'),
(104, '20', '08', '067', '', 'PRO', 'A', '1234567891', 'PROS20A067073', '1234567891'),
(105, '20', '08', '067', '', 'PRO', 'A', '1234567891', 'PROS20A067074', '1234567891'),
(106, '20', '08', '067', '', 'PRO', 'A', '1234567891', 'PROS20A067075', '1234567891'),
(107, '20', '08', '067', '', 'PRO', 'A', '1234567891', 'PROS20A067076', '1234567891'),
(108, '20', '08', '067', '', 'PRO', 'A', '1234567891', 'PROS20A067077', '1234567891'),
(109, '20', '08', '067', '', 'PRO', 'A', '1234567891', 'PROS20A067078', '1234567891'),
(110, '20', '08', '067', '', 'PRO', 'A', '1234567891', 'PROS20A067079', '1234567891'),
(111, '20', '08', '067', '', 'PRO', 'A', '1234567891', 'PROS20A067080', '1234567891'),
(112, '20', '08', '067', '', 'PRO', 'A', '1234567891', 'PROS20A067081', '1234567891'),
(113, '20', '08', '067', '', 'PRO', 'A', '1234567891', 'PROS20A067082', '1234567891'),
(114, '20', '08', '067', '', 'PRO', 'A', '1234567891', 'PROS20A067083', '1234567891'),
(115, '20', '08', '067', '', 'PRO', 'A', '1234567891', 'PROS20A067084', '1234567891'),
(116, '20', '08', '067', '', 'PRO', 'A', '1234567891', 'PROS20A067085', '1234567891'),
(117, '20', '08', '067', '', 'PRO', 'A', '1234567891', 'PROS20A067086', '1234567891'),
(118, '20', '08', '067', '', 'PRO', 'A', '1234567891', 'PROS20A067087', '1234567891'),
(119, '20', '08', '067', '', 'PRO', 'A', '1234567891', 'PROS20A067088', '1234567891'),
(120, '20', '08', '067', '', 'PRO', 'A', '1234567891', 'PROS20A067089', '1234567891'),
(121, '20', '08', '067', '', 'PRO', 'A', '1234567891', 'PROS20A067090', '1234567891'),
(122, '20', '08', '067', '', 'PRO', 'A', '1234567891', 'PROS20A067091', '1234567891'),
(123, '20', '08', '067', '', 'PRO', 'A', '1234567891', 'PROS20A067092', '1234567891'),
(124, '20', '08', '067', '', 'PRO', 'A', '1234567891', 'PROS20A067093', '1234567891'),
(125, '20', '08', '067', '', 'PRO', 'A', '1234567891', 'PROS20A067094', '1234567891'),
(126, '20', '08', '067', '', 'PRO', 'A', '1234567891', 'PROS20A067095', '1234567891'),
(127, '20', '08', '067', '', 'PRO', 'A', '1234567891', 'PROS20A067096', '1234567891'),
(128, '20', '08', '067', '', 'PRO', 'A', '1234567891', 'PROS20A067097', '1234567891'),
(129, '20', '08', '067', '', 'PRO', 'A', '1234567891', 'PROS20A067098', '1234567891'),
(130, '20', '08', '067', '', 'PRO', 'A', '1234567891', 'PROS20A067099', '1234567891'),
(131, '20', '08', '067', '', 'PRO', 'A', '1234567891', 'PROS20A067100', '1234567891'),
(132, '20', '08', '067', '', 'PRO', 'A', '1234567891', 'PROS20A067101', '1234567891'),
(133, '20', '08', '067', '', 'PRO', 'A', '1234567891', 'PROS20A067102', '1234567891'),
(134, '20', '08', '067', '', 'PRO', 'A', '1234567891', 'PROS20A067103', '1234567891'),
(135, '20', '08', '067', '', 'PRO', 'A', '1234567891', 'PROS20A067104', '1234567891'),
(136, '20', '08', '067', '', 'PRO', 'A', '1234567891', 'PROS20A067105', '1234567891'),
(137, '20', '08', '067', '', 'PRO', 'A', '1234567891', 'PROS20A067106', '1234567891'),
(138, '20', '08', '067', '', 'PRO', 'A', '1234567891', 'PROS20A067107', '1234567891'),
(139, '20', '08', '067', '', 'PRO', 'A', '1234567891', 'PROS20A067108', '1234567891'),
(140, '20', '08', '067', '', 'PRO', 'A', '1234567891', 'PROS20A067109', '1234567891'),
(141, '20', '08', '067', '', 'PRO', 'A', '1234567891', 'PROS20A067110', '1234567891'),
(142, '20', '08', '067', '', 'PRO', 'A', '1234567891', 'PROS20A067111', '1234567891'),
(143, '20', '08', '067', '', 'PRO', 'A', '1234567891', 'PROS20A067112', '1234567891'),
(144, '20', '08', '067', '', 'PRO', 'A', '1234567891', 'PROS20A067113', '1234567891'),
(145, '20', '08', '067', '', 'PRO', 'A', '1234567891', 'PROS20A067114', '1234567891'),
(146, '20', '08', '067', '', 'PRO', 'A', '1234567891', 'PROS20A067115', '1234567891'),
(147, '20', '08', '067', '', 'PRO', 'A', '1234567891', 'PROS20A067116', '1234567891'),
(148, '20', '08', '067', '', 'PRO', 'A', '1234567891', 'PROS20A067117', '1234567891'),
(149, '20', '08', '067', '', 'PRO', 'A', '1234567891', 'PROS20A067118', '1234567891'),
(150, '20', '08', '067', '', 'PRO', 'A', '1234567891', 'PROS20A067119', '1234567891'),
(151, '20', '08', '067', '', 'PRO', 'A', '1234567891', 'PROS20A067120', '1234567891'),
(152, '20', '08', '067', '', 'PRO', 'A', '1234567891', 'PROS20A067121', '1234567891'),
(153, '20', '08', '067', '', 'PRO', 'A', '1234567891', 'PROS20A067122', '1234567891'),
(154, '20', '08', '067', '', 'PRO', 'A', '1234567891', 'PROS20A067123', '1234567891'),
(155, '20', '08', '067', '', 'PRO', 'A', '1234567891', 'PROS20A067124', '1234567891'),
(156, '20', '08', '067', '', 'PRO', 'A', '1234567891', 'PROS20A067125', '1234567891'),
(157, '20', '08', '067', '', 'PRO', 'A', '1234567891', 'PROS20A067126', '1234567891'),
(158, '20', '08', '067', '', 'PRO', 'A', '1234567891', 'PROS20A067127', '1234567891'),
(159, '20', '08', '067', '', 'PRO', 'A', '1234567891', 'PROS20A067128', '1234567891'),
(160, '20', '08', '067', '', 'PRO', 'A', '1234567891', 'PROS20A067129', '1234567891'),
(161, '20', '08', '067', '', 'PRO', 'A', '1234567891', 'PROS20A067130', '1234567891'),
(162, '20', '08', '067', '', 'PRO', 'A', '1234567891', 'PROS20A067131', '1234567891'),
(163, '20', '08', '067', '', 'PRO', 'A', '1234567891', 'PROS20A067132', '1234567891'),
(164, '20', '08', '067', '', 'PRO', 'A', '1234567891', 'PROS20A067133', '1234567891'),
(165, '20', '08', '067', '', 'PRO', 'A', '1234567891', 'PROS20A067134', '1234567891'),
(166, '20', '08', '067', '', 'PRO', 'A', '1234567891', 'PROS20A067135', '1234567891'),
(167, '20', '08', '067', '', 'PRO', 'A', '1234567891', 'PROS20A067136', '1234567891'),
(168, '20', '08', '067', '', 'PRO', 'A', '1234567891', 'PROS20A067137', '1234567891'),
(169, '20', '08', '067', '', 'PRO', 'A', '1234567891', 'PROS20A067138', '1234567891'),
(170, '20', '08', '067', '', 'PRO', 'A', '1234567891', 'PROS20A067139', '1234567891'),
(171, '20', '08', '067', '', 'PRO', 'A', '1234567891', 'PROS20A067140', '1234567891'),
(172, '20', '08', '067', '', 'PRO', 'A', '1234567891', 'PROS20A067141', '1234567891'),
(173, '20', '08', '067', '', 'PRO', 'A', '1234567891', 'PROS20A067142', '1234567891'),
(174, '20', '08', '067', '', 'PRO', 'A', '1234567891', 'PROS20A067143', '1234567891'),
(175, '20', '08', '067', '', 'PRO', 'A', '1234567891', 'PROS20A067144', '1234567891'),
(176, '20', '08', '067', '', 'PRO', 'A', '1234567891', 'PROS20A067145', '1234567891'),
(177, '20', '08', '067', '', 'PRO', 'A', '1234567891', 'PROS20A067146', '1234567891'),
(178, '20', '08', '067', '', 'PRO', 'A', '1234567891', 'PROS20A067147', '1234567891'),
(179, '20', '08', '067', '', 'PRO', 'A', '1234567891', 'PROS20A067148', '1234567891'),
(180, '20', '08', '067', '', 'PRO', 'A', '1234567891', 'PROS20A067149', '1234567891'),
(181, '20', '08', '067', '', 'PRO', 'A', '1234567891', 'PROS20A067150', '1234567891'),
(182, '20', '08', '067', '', 'PRO', 'A', '1234567891', 'PROS20A067151', '1234567891'),
(183, '20', '08', '067', '', 'PRO', 'A', '1234567891', 'PROS20A067152', '1234567891'),
(184, '20', '08', '067', '', 'PRO', 'A', '1234567891', 'PROS20A067153', '1234567891'),
(185, '20', '08', '067', '', 'PRO', 'A', '1234567891', 'PROS20A067154', '1234567891'),
(186, '20', '08', '067', '', 'PRO', 'A', '1234567891', 'PROS20A067155', '1234567891'),
(187, '20', '08', '067', '', 'PRO', 'A', '1234567891', 'PROS20A067156', '1234567891'),
(188, '20', '08', '067', '', 'PRO', 'A', '1234567891', 'PROS20A067157', '1234567891'),
(189, '20', '08', '067', '', 'PRO', 'A', '1234567891', 'PROS20A067158', '1234567891'),
(190, '20', '08', '067', '', 'PRO', 'A', '1234567891', 'PROS20A067159', '1234567891'),
(191, '20', '08', '067', '', 'PRO', 'A', '1234567891', 'PROS20A067160', '1234567891'),
(192, '20', '08', '067', '', 'PRO', 'A', '1234567891', 'PROS20A067161', '1234567891'),
(193, '20', '08', '067', '', 'PRO', 'A', '1234567891', 'PROS20A067162', '1234567891'),
(194, '20', '08', '067', '', 'PRO', 'A', '1234567891', 'PROS20A067163', '1234567891'),
(195, '20', '08', '067', '', 'PRO', 'A', '1234567891', 'PROS20A067164', '1234567891'),
(196, '20', '08', '067', '', 'PRO', 'A', '1234567891', 'PROS20A067165', '1234567891'),
(197, '20', '08', '067', '', 'PRO', 'A', '1234567891', 'PROS20A067166', '1234567891'),
(198, '20', '08', '067', '', 'PRO', 'A', '1234567891', 'PROS20A067167', '1234567891'),
(199, '20', '08', '067', '', 'PRO', 'A', '1234567891', 'PROS20A067168', '1234567891'),
(200, '20', '08', '067', '', 'PRO', 'A', '1234567891', 'PROS20A067169', '1234567891'),
(201, '20', '08', '067', '', 'PRO', 'A', '1234567891', 'PROS20A067170', '1234567891'),
(202, '20', '08', '067', '', 'PRO', 'A', '1234567891', 'PROS20A067171', '1234567891'),
(203, '20', '08', '067', '', 'PRO', 'A', '1234567891', 'PROS20A067172', '1234567891'),
(204, '20', '08', '067', '', 'PRO', 'A', '1234567891', 'PROS20A067173', '1234567891'),
(205, '20', '08', '067', '', 'PRO', 'A', '1234567891', 'PROS20A067174', '1234567891'),
(206, '20', '08', '067', '', 'PRO', 'A', '1234567891', 'PROS20A067175', '1234567891'),
(207, '20', '08', '067', '', 'PRO', 'A', '1234567891', 'PROS20A067176', '1234567891'),
(208, '20', '08', '067', '', 'PRO', 'A', '1234567891', 'PROS20A067177', '1234567891'),
(209, '20', '08', '067', '', 'PRO', 'A', '1234567891', 'PROS20A067178', '1234567891'),
(210, '20', '08', '067', '', 'PRO', 'A', '1234567891', 'PROS20A067179', '1234567891'),
(211, '20', '08', '067', '', 'PRO', 'A', '1234567891', 'PROS20A067180', '1234567891'),
(212, '20', '08', '067', '', 'PRO', 'A', '1234567891', 'PROS20A067181', '1234567891'),
(213, '20', '08', '067', '', 'PRO', 'A', '1234567891', 'PROS20A067182', '1234567891'),
(214, '20', '08', '067', '', 'PRO', 'A', '1234567891', 'PROS20A067183', '1234567891'),
(215, '20', '08', '067', '', 'PRO', 'A', '1234567891', 'PROS20A067184', '1234567891'),
(216, '20', '08', '067', '', 'PRO', 'A', '1234567891', 'PROS20A067185', '1234567891'),
(217, '20', '08', '067', '', 'PRO', 'A', '1234567891', 'PROS20A067186', '1234567891'),
(218, '20', '08', '067', '', 'PRO', 'A', '1234567891', 'PROS20A067187', '1234567891'),
(219, '20', '08', '067', '', 'PRO', 'A', '1234567891', 'PROS20A067188', '1234567891'),
(220, '20', '08', '067', '', 'PRO', 'A', '1234567891', 'PROS20A067189', '1234567891'),
(221, '20', '08', '067', '', 'PRO', 'A', '1234567891', 'PROS20A067190', '1234567891'),
(222, '20', '08', '067', '', 'PRO', 'A', '1234567891', 'PROS20A067191', '1234567891'),
(223, '20', '08', '067', '', 'PRO', 'A', '1234567891', 'PROS20A067192', '1234567891'),
(224, '20', '08', '067', '', 'PRO', 'A', '1234567891', 'PROS20A067193', '1234567891'),
(225, '20', '08', '067', '', 'PRO', 'A', '1234567891', 'PROS20A067194', '1234567891'),
(226, '20', '08', '067', '', 'PRO', 'A', '1234567891', 'PROS20A067195', '1234567891'),
(227, '20', '08', '067', '', 'PRO', 'A', '1234567891', 'PROS20A067196', '1234567891'),
(228, '20', '08', '067', '', 'PRO', 'A', '1234567891', 'PROS20A067197', '1234567891'),
(229, '20', '08', '067', '', 'PRO', 'A', '1234567891', 'PROS20A067198', '1234567891'),
(230, '20', '08', '067', '', 'PRO', 'A', '1234567891', 'PROS20A067199', '1234567891'),
(231, '20', '08', '067', '', 'PRO', 'A', '1234567891', 'PROS20A067200', '1234567891'),
(232, '20', '08', '067', '', 'PRO', 'A', '1234567891', 'PROS20A067201', '1234567891'),
(233, '20', '08', '067', '', 'PRO', 'A', '1234567891', 'PROS20A067202', '1234567891'),
(234, '20', '08', '067', '', 'PRO', 'A', '1234567891', 'PROS20A067203', '1234567891'),
(235, '20', '08', '067', '', 'PRO', 'A', '1234567891', 'PROS20A067204', '1234567891'),
(236, '20', '08', '067', '', 'PRO', 'A', '1234567891', 'PROS20A067205', '1234567891'),
(237, '20', '08', '067', '', 'PRO', 'A', '1234567891', 'PROS20A067206', '1234567891'),
(238, '20', '08', '067', '', 'PRO', 'A', '1234567891', 'PROS20A067207', '1234567891'),
(239, '20', '08', '067', '', 'PRO', 'A', '1234567891', 'PROS20A067208', '1234567891'),
(240, '20', '08', '067', '', 'PRO', 'A', '1234567891', 'PROS20A067209', '1234567891'),
(241, '20', '08', '067', '', 'PRO', 'A', '1234567891', 'PROS20A067210', '1234567891'),
(242, '20', '08', '067', '', 'PRO', 'A', '1234567891', 'PROS20A067211', '1234567891'),
(243, '20', '08', '067', '', 'PRO', 'A', '1234567891', 'PROS20A067212', '1234567891'),
(244, '20', '08', '067', '', 'PRO', 'A', '1234567891', 'PROS20A067213', '1234567891'),
(245, '20', '08', '067', '', 'PRO', 'A', '1234567891', 'PROS20A067214', '1234567891'),
(246, '20', '08', '067', '', 'PRO', 'A', '1234567891', 'PROS20A067215', '1234567891'),
(247, '20', '08', '067', '', 'PRO', 'A', '1234567891', 'PROS20A067216', '1234567891'),
(248, '20', '08', '067', '', 'PRO', 'A', '1234567891', 'PROS20A067217', '1234567891'),
(249, '20', '08', '067', '', 'PRO', 'A', '1234567891', 'PROS20A067218', '1234567891'),
(250, '20', '08', '067', '', 'PRO', 'A', '1234567891', 'PROS20A067219', '1234567891'),
(251, '20', '08', '067', '', 'PRO', 'A', '1234567891', 'PROS20A067220', '1234567891'),
(252, '20', '08', '067', '', 'PRO', 'A', '1234567891', 'PROS20A067221', '1234567891'),
(253, '20', '08', '067', '', 'PRO', 'A', '1234567891', 'PROS20A067222', '1234567891'),
(254, '20', '08', '067', '', 'PRO', 'A', '1234567891', 'PROS20A067223', '1234567891'),
(255, '20', '08', '067', '', 'PRO', 'A', '1234567891', 'PROS20A067224', '1234567891'),
(256, '20', '08', '067', '', 'PRO', 'A', '1234567891', 'PROS20A067225', '1234567891'),
(257, '20', '08', '067', '', 'PRO', 'A', '1234567891', 'PROS20A067226', '1234567891'),
(258, '20', '08', '067', '', 'PRO', 'A', '1234567891', 'PROS20A067227', '1234567891'),
(259, '20', '08', '067', '', 'PRO', 'A', '1234567891', 'PROS20A067228', '1234567891'),
(260, '20', '08', '067', '', 'PRO', 'A', '1234567891', 'PROS20A067229', '1234567891'),
(261, '20', '08', '067', '', 'PRO', 'A', '1234567891', 'PROS20A067230', '1234567891'),
(262, '20', '08', '067', '', 'PRO', 'A', '1234567891', 'PROS20A067231', '1234567891'),
(263, '20', '08', '067', '', 'PRO', 'A', '1234567891', 'PROS20A067232', '1234567891'),
(264, '20', '08', '067', '', 'PRO', 'A', '1234567891', 'PROS20A067233', '1234567891'),
(265, '20', '08', '067', '', 'PRO', 'A', '1234567891', 'PROS20A067234', '1234567891'),
(266, '20', '08', '067', '', 'PRO', 'A', '1234567891', 'PROS20A067235', '1234567891'),
(267, '20', '08', '067', '', 'PRO', 'A', '1234567891', 'PROS20A067236', '1234567891'),
(268, '20', '08', '067', '', 'PRO', 'A', '1234567891', 'PROS20A067237', '1234567891'),
(269, '20', '08', '067', '', 'PRO', 'A', '1234567891', 'PROS20A067238', '1234567891'),
(270, '20', '08', '067', '', 'PRO', 'A', '1234567891', 'PROS20A067239', '1234567891'),
(271, '20', '08', '067', '', 'PRO', 'A', '1234567891', 'PROS20A067240', '1234567891'),
(272, '20', '08', '067', '', 'PRO', 'A', '1234567891', 'PROS20A067241', '1234567891'),
(273, '20', '08', '067', '', 'PRO', 'A', '1234567891', 'PROS20A067242', '1234567891'),
(274, '20', '08', '067', '', 'PRO', 'A', '1234567891', 'PROS20A067243', '1234567891'),
(275, '20', '08', '067', '', 'PRO', 'A', '1234567891', 'PROS20A067244', '1234567891'),
(276, '20', '08', '067', '', 'PRO', 'A', '1234567891', 'PROS20A067245', '1234567891'),
(277, '20', '08', '067', '', 'PRO', 'A', '1234567891', 'PROS20A067246', '1234567891'),
(278, '20', '08', '067', '', 'PRO', 'A', '1234567891', 'PROS20A067247', '1234567891'),
(279, '20', '08', '067', '', 'PRO', 'A', '1234567891', 'PROS20A067248', '1234567891'),
(280, '20', '08', '067', '', 'PRO', 'A', '1234567891', 'PROS20A067249', '1234567891'),
(281, '20', '08', '067', '', 'PRO', 'A', '1234567891', 'PROS20A067250', '1234567891'),
(282, '20', '08', '067', '', 'PRO', 'A', '1234567891', 'PROS20A067251', '1234567891'),
(283, '20', '08', '067', '', 'PRO', 'A', '1234567891', 'PROS20A067252', '1234567891'),
(284, '20', '08', '067', '', 'PRO', 'A', '1234567891', 'PROS20A067253', '1234567891'),
(285, '20', '08', '067', '', 'PRO', 'A', '1234567891', 'PROS20A067254', '1234567891'),
(286, '20', '08', '067', '', 'PRO', 'A', '1234567891', 'PROS20A067255', '1234567891'),
(287, '20', '08', '067', '', 'PRO', 'A', '1234567891', 'PROS20A067256', '1234567891'),
(288, '20', '08', '067', '', 'PRO', 'A', '1234567891', 'PROS20A067257', '1234567891'),
(289, '20', '08', '067', '', 'PRO', 'A', '1234567891', 'PROS20A067258', '1234567891'),
(290, '20', '08', '067', '', 'PRO', 'A', '1234567891', 'PROS20A067259', '1234567891'),
(291, '20', '08', '067', '', 'PRO', 'A', '1234567891', 'PROS20A067260', '1234567891'),
(292, '20', '08', '067', '', 'PRO', 'A', '1234567891', 'PROS20A067261', '1234567891'),
(293, '20', '08', '067', '', 'PRO', 'A', '1234567891', 'PROS20A067262', '1234567891'),
(294, '20', '08', '067', '', 'PRO', 'A', '1234567891', 'PROS20A067263', '1234567891'),
(295, '20', '08', '067', '', 'PRO', 'A', '1234567891', 'PROS20A067264', '1234567891'),
(296, '20', '08', '067', '', 'PRO', 'A', '1234567891', 'PROS20A067265', '1234567891'),
(297, '20', '08', '067', '', 'PRO', 'A', '1234567891', 'PROS20A067266', '1234567891'),
(298, '20', '08', '067', '', 'PRO', 'A', '1234567891', 'PROS20A067267', '1234567891'),
(299, '20', '08', '067', '', 'PRO', 'A', '1234567891', 'PROS20A067268', '1234567891'),
(300, '20', '08', '067', '', 'PRO', 'A', '1234567891', 'PROS20A067269', '1234567891'),
(301, '20', '08', '067', '', 'PRO', 'A', '1234567891', 'PROS20A067270', '1234567891'),
(302, '20', '08', '067', '', 'PRO', 'A', '1234567891', 'PROS20A067271', '1234567891'),
(303, '20', '08', '067', '', 'PRO', 'A', '1234567891', 'PROS20A067272', '1234567891'),
(304, '20', '08', '067', '', 'PRO', 'A', '1234567891', 'PROS20A067273', '1234567891'),
(305, '20', '08', '067', '', 'PRO', 'A', '1234567891', 'PROS20A067274', '1234567891'),
(306, '20', '08', '067', '', 'PRO', 'A', '1234567891', 'PROS20A067275', '1234567891'),
(307, '20', '08', '067', '', 'PRO', 'A', '1234567891', 'PROS20A067276', '1234567891'),
(308, '20', '08', '067', '', 'PRO', 'A', '1234567891', 'PROS20A067277', '1234567891'),
(309, '20', '08', '067', '', 'PRO', 'A', '1234567891', 'PROS20A067278', '1234567891'),
(310, '20', '08', '067', '', 'PRO', 'A', '1234567891', 'PROS20A067279', '1234567891'),
(311, '20', '08', '067', '', 'PRO', 'A', '1234567891', 'PROS20A067280', '1234567891'),
(312, '20', '08', '067', '', 'PRO', 'A', '1234567891', 'PROS20A067281', '1234567891'),
(313, '20', '08', '067', '', 'PRO', 'A', '1234567891', 'PROS20A067282', '1234567891'),
(314, '20', '08', '067', '', 'PRO', 'A', '1234567891', 'PROS20A067283', '1234567891'),
(315, '20', '08', '067', '', 'PRO', 'A', '1234567891', 'PROS20A067284', '1234567891');

--
-- Indexes for dumped tables
--

--
-- Indexes for table `polling_station_info`
--
ALTER TABLE `polling_station_info`
  ADD PRIMARY KEY (`uid`),
  ADD KEY `deo_uid` (`deo_uid`),
  ADD KEY `ro_uid` (`ro_uid`),
  ADD KEY `so_uid` (`so_uid`),
  ADD KEY `pro_uid` (`pro_uid`);

--
-- Indexes for table `turnout_info`
--
ALTER TABLE `turnout_info`
  ADD PRIMARY KEY (`ps_uid`);

--
-- Indexes for table `user_info`
--
ALTER TABLE `user_info`
  ADD PRIMARY KEY (`uid`),
  ADD UNIQUE KEY `username` (`username`);

--
-- AUTO_INCREMENT for dumped tables
--

--
-- AUTO_INCREMENT for table `polling_station_info`
--
ALTER TABLE `polling_station_info`
  MODIFY `uid` int(11) NOT NULL AUTO_INCREMENT, AUTO_INCREMENT=387;

--
-- AUTO_INCREMENT for table `user_info`
--
ALTER TABLE `user_info`
  MODIFY `uid` int(11) NOT NULL AUTO_INCREMENT, AUTO_INCREMENT=316;

--
-- Constraints for dumped tables
--

--
-- Constraints for table `polling_station_info`
--
ALTER TABLE `polling_station_info`
  ADD CONSTRAINT `polling_station_info_ibfk_1` FOREIGN KEY (`deo_uid`) REFERENCES `user_info` (`uid`) ON DELETE SET NULL,
  ADD CONSTRAINT `polling_station_info_ibfk_2` FOREIGN KEY (`ro_uid`) REFERENCES `user_info` (`uid`) ON DELETE SET NULL,
  ADD CONSTRAINT `polling_station_info_ibfk_3` FOREIGN KEY (`so_uid`) REFERENCES `user_info` (`uid`) ON DELETE SET NULL,
  ADD CONSTRAINT `polling_station_info_ibfk_4` FOREIGN KEY (`pro_uid`) REFERENCES `user_info` (`uid`) ON DELETE SET NULL;

--
-- Constraints for table `turnout_info`
--
ALTER TABLE `turnout_info`
  ADD CONSTRAINT `turnout_info_ibfk_1` FOREIGN KEY (`ps_uid`) REFERENCES `polling_station_info` (`uid`) ON DELETE CASCADE;
COMMIT;

/*!40101 SET CHARACTER_SET_CLIENT=@OLD_CHARACTER_SET_CLIENT */;
/*!40101 SET CHARACTER_SET_RESULTS=@OLD_CHARACTER_SET_RESULTS */;
/*!40101 SET COLLATION_CONNECTION=@OLD_COLLATION_CONNECTION */;
